"Movie Name","Gener","Year of Release","Rating"
Gerardo Ortiz: Como Un Sueno,Music,2015,1.1
Ishq Ke Parindey,Music,2015,7.3
48,Drama,2011,5.3
Lotus,Drama,2011,5.8
Oonga,Adventure,2013,7.4
Segrt Hlapic,Adventure,2013,6.3
Subject 0: Shattered Memories,Thriller,2015,7.6
A Mother Betrayed,Thriller,2015,5.2
Cruel & Unusual,Sci-Fi,2014,6.6
Wonder Woman,Sci-Fi,2014,4.2
Ritter Rost - Eisenhart und voll verbeult,Animation,2013,4.6
Oggy et les cafards,Animation,2013,6.7
Alien Armageddon,Sci-Fi,2011,2.0
Project Aether,Sci-Fi,2011,7.4
The Brides of Sodom,Fantasy,2013,2.9
Spanners,Fantasy,2013,6.2
Contos Gauchescos,History,2011,4.4
Der Sommer der Gaukler,History,2011,6.1
